{"cameraMode":{"drawMode":0,"name":"Shaded","section":"Shading Mode"},"sceneLighting":true,"audioPlay":false,"sceneViewState":{"showFog":false,"showMaterialUpdate":false,"showSkybox":true,"showFlares":false,"showImageEffects":false,"showParticleSystems":false},"in2DMode":false,"pivot":{"x":12.61084270477295,"y":1.665636658668518,"z":-8.81408977508545},"rotation":{"x":0.28667891025543215,"y":-0.3300682604312897,"z":0.10595744103193283,"w":0.8931267261505127},"size":22.299732208251954,"orthographic":false}