{"cameraMode":{"drawMode":0,"name":"Shaded","section":"Shading Mode"},"sceneLighting":false,"audioPlay":false,"sceneViewState":{"showFog":false,"showMaterialUpdate":false,"showSkybox":false,"showFlares":false,"showImageEffects":false,"showParticleSystems":false},"in2DMode":false,"pivot":{"x":0.011189460754394532,"y":-1.1959843635559083,"z":0.0},"rotation":{"x":0.509906530380249,"y":0.03610789030790329,"z":-0.021428626030683519,"w":0.859205961227417},"size":8.914423942565918,"orthographic":false}