{"cameraMode":{"drawMode":0,"name":"Shaded","section":"Shading Mode"},"sceneLighting":false,"audioPlay":false,"sceneViewState":{"showFog":false,"showMaterialUpdate":false,"showSkybox":false,"showFlares":false,"showImageEffects":false,"showParticleSystems":false},"in2DMode":false,"pivot":{"x":0.06450453400611878,"y":-0.0029999911785125734,"z":0.0020000040531158449},"rotation":{"x":-0.27065417170524599,"y":0.6788679957389832,"z":-0.29958784580230715,"w":-0.6133068799972534},"size":2.913577079772949,"orthographic":false}