{"cameraMode":{"drawMode":0,"name":"Shaded","section":"Shading Mode"},"sceneLighting":true,"audioPlay":false,"sceneViewState":{"showFog":false,"showMaterialUpdate":false,"showSkybox":true,"showFlares":false,"showImageEffects":false,"showParticleSystems":false},"in2DMode":false,"pivot":{"x":14.839095115661621,"y":-14.018890380859375,"z":-6.473788261413574},"rotation":{"x":-0.19692343473434449,"y":0.780398428440094,"z":-0.5119619965553284,"w":-0.3001820743083954},"size":37.087528228759769,"orthographic":false}