{"cameraMode":{"drawMode":0,"name":"Shaded","section":"Shading Mode"},"sceneLighting":false,"audioPlay":false,"sceneViewState":{"showFog":false,"showMaterialUpdate":false,"showSkybox":false,"showFlares":false,"showImageEffects":false,"showParticleSystems":false},"in2DMode":false,"pivot":{"x":5695.283203125,"y":1513.771484375,"z":-7508.57958984375},"rotation":{"x":-0.09159235656261444,"y":-0.8091644048690796,"z":0.13107939064502717,"w":-0.5654057860374451},"size":3232.3642578125,"orthographic":false}